{"text": "司在歼-11BS战斗机基础上发展研制的四代半双座双发多用途战斗机。该机外形参考俄式苏-30MKK多用途战斗机。歼-16装备主动电子扫描相控阵雷达（AESA），可同时识别攻击多个目标，具备远距离超视距空战能力和强大的对地、对海打击能力。与 歼轰-7比较歼-16的机体更大，最大载弹量12吨，可以发射霹雳-10、霹雳-15空对空导弹，鹰击-83、鹰击-91，空地-88等空对面导弹。该机装备中国产的涡扇-10“太行”发动机，其性能与美国最新的F-15EX多用途战斗机相当。", "nodes": {"node1": {"label": ["飞行器"], "名称": "歼-11BS战斗机", "研发单位与产商": "中国沈阳飞机公司"}}, "rels": {"rel1": {"start": "中国沈阳飞机", "end": "歼-11BS战斗机", "rel_name": "生产研发"}}}
{"text": "歼-16是中国沈阳 飞机公司在歼-11BS战斗机基础上发展研制的四代半双座双发多用途战斗机。该机外形参考俄式苏-30MKK多用途战斗机。歼-16装备主动电子扫描相控阵雷达（AESA），可同时识别攻击多个目标，具备远距离超视距空战能力和强大的对地、对海打击能力。与歼轰-7比较歼-16的机体更大，最大载弹量12吨，可以发射霹雳-10、霹雳-15空对空导弹，鹰击-83、鹰击-91，空地-88等空对面导弹。该机装备中国产的涡扇-10“太行”发动机，其性能与美国最新的F-15EX多用途战斗机相当。", "nodes": {"node1": {"label": ["飞行器"], "名称": "歼-11BS战斗机", "研发单位与产商": "中国沈阳飞机公司"}, "node2": {"label": ["生产制造厂商"], " 名称": "中国沈阳飞机公司"}}, "rels": {"rel1": {"start": "中国沈阳飞机", "end": "歼-11BS战斗机", "rel_name": "生产研发"}, "rel2": {"start": "中国沈阳飞机", "end": "歼-11BS战斗机", "rel_name": "生产研发"}}}
{"text": "这里是文本段落", "nodes": {}, "rels": {}}
